,Supplier_Lead_Time,Inventory_Levels,Order_Frequency,Delivery_Performance,Cost_Per_Unit
Supplier_Lead_Time,1.0,0.2757369228508857,-0.884322012257432,-0.9070062974135635,0.9641164130168871
Inventory_Levels,0.2757369228508857,1.0,-0.3269146358614187,-0.2061982513253172,0.24302431760783721
Order_Frequency,-0.884322012257432,-0.3269146358614187,1.0,0.792838872969323,-0.8283417302764157
Delivery_Performance,-0.9070062974135635,-0.2061982513253172,0.792838872969323,1.0,-0.9285507337940244
Cost_Per_Unit,0.9641164130168871,0.24302431760783721,-0.8283417302764157,-0.9285507337940244,1.0
